code,share_name,industry,sub_industry,rsi_comparison_market,rsi_comparison_sector,commodity,Current Price,Current Value,Next Week Prediction,Next Month Prediction,Z-Score,Overbought_Oversold,Overbought_Oversold_Value,SECTOR RSI 1M,SECTOR RSI 3M,SECTOR RSI 6M,MARKET RSI 1M,MARKET RSI 3M,MARKET RSI 6M
4SI.JO,4Sight Holdings Ltd,Technology,Software and Computer Services,%5EJ300.JO,STXFIN.JO,False,75.0,75.0,-0.79,-0.89,0.73,0.01,1.01,1.04,0.86,0.79,1.08,0.95,0.98
ABG.JO,Absa Group Limited,Financials,Banks,%5EJ300.JO,STXFIN.JO,False,15589.0,15589.0,-0.09,0.29,0.83,-0.01,0.99,0.95,0.88,0.83,0.99,0.97,1.03
ACT.JO,AfroCentric Inv Corp Ltd,Healthcare,Healthcare Providers,%5EJ300.JO,STXFIN.JO,False,276.0,276.0,-0.79,-0.76,0.44,-0.01,0.99,1.0,0.86,0.78,1.04,0.95,0.97
ADH.JO,ADvTECH Ltd,Consumer Discrescretionary,Consumer Services,%5EJ300.JO,STXFIN.JO,False,3060.0,3060.0,-0.01,0.02,2.02,0.0,1.0,0.96,0.99,0.99,1.0,1.1,1.19
ADR.JO,Adcorp Holdings Limited,Industrials,General Industrials,%5EJ300.JO,STXFIN.JO,False,426.0,426.0,-0.86,-0.89,-1.55,0.06,1.06,1.06,1.0,0.97,1.1,1.11,1.17
ADW.JO,African Dawn Capital Ltd,Financials,Finance and Credit Services,%5EJ300.JO,STXFIN.JO,False,0.09,0.09,-1.0,-1.0,-0.32,-0.63,0.37,0.01,0.01,0.01,0.01,0.01,0.19
AEG.JO,Aveng Group Limited,Industrials,Construction Materials,%5EJ300.JO,STXFIN.JO,False,978.0,978.0,-1.02,-1.44,2.81,0.07,1.07,1.23,1.49,1.13,1.28,1.65,1.33
AEL.JO,Altron Limited,Technology,Software and Computer Services,%5EJ300.JO,STXFIN.JO,False,1720.0,1720.0,-0.51,-0.8,1.38,0.06,1.06,1.09,1.32,1.56,1.13,1.46,1.77
AFE.JO,AECI Limited,Basic Materials,Chemicals,%5EJ300.JO,STXFIN.JO,False,10647.0,10647.0,-0.16,-0.23,2.4,-0.02,0.98,0.95,0.97,0.99,0.99,1.07,1.19
AFH.JO,Alexander Forbes Grp Hldgs,Financials,Investment Banking and Brokerage Services,%5EJ300.JO,STXFIN.JO,False,655.0,655.0,-0.12,-0.22,-0.84,-0.01,0.99,0.96,0.95,0.96,1.0,1.05,1.16
AFT.JO,Afrimat Limited,Basic Materials,Industrial Metals and Mining,%5EJ300.JO,STXRES.JO,False,6320.0,6320.0,-0.2,-0.28,-1.21,-0.04,0.96,0.97,1.04,0.9,0.9,0.93,1.13
AGL.JO,Anglo American plc,Basic Materials,Industrial Metals and Mining,%5EJ300.JO,STXRES.JO,False,50765.0,50765.0,-0.36,-0.42,-1.18,-0.03,0.97,0.98,0.9,1.04,0.92,0.8,1.27
AHL.JO,AH-Vest Limited,Consumer Staples,Food Producers,%5EJ300.JO,STXFIN.JO,False,0.1,0.1,-0.86,-0.49,-0.32,-0.62,0.38,0.01,0.55,0.54,0.01,0.61,0.73
AIL.JO,African Rainbow Cap Inv,Financials,Closed end Investments,%5EJ300.JO,STXFIN.JO,False,581.0,581.0,-0.42,-0.53,-2.43,-0.0,1.0,0.84,0.9,1.03,0.88,1.0,1.24
AIP.JO,Adcock Ingram Hldgs Ltd,Healthcare,Pharmaceuticals and Biotechnology,%5EJ300.JO,STXFIN.JO,False,5671.0,5671.0,-0.05,0.44,-0.75,-0.02,0.98,0.91,0.91,0.95,0.95,1.0,1.15
AME.JO,African Media Ent Ltd,Consumer Discrescretionary,Media,%5EJ300.JO,STXFIN.JO,False,4100.0,4100.0,-0.29,-0.24,-0.66,0.04,1.04,1.0,1.08,1.19,1.04,1.2,1.39
AMS.JO,Anglo American Plat Ltd,Basic Materials,Precious Metals and Mining,%5EJ300.JO,STXRES.JO,False,64159.0,64159.0,-0.78,-0.9,-0.06,0.03,1.03,1.1,0.95,0.8,1.03,0.85,1.03
ANG.JO,AngloGold Ashanti plc,Basic Materials,Precious Metals and Mining,%5EJ300.JO,STXRES.JO,False,55091.0,55091.0,-0.14,-0.36,1.64,0.02,1.02,1.1,1.3,1.4,1.02,1.16,1.66
ANH.JO,Anheuser-Busch InBev SA NV,Consumer Staples,Beverages,%5EJ300.JO,STXACW.JO,False,108535.0,108535.0,-0.69,-0.78,-1.34,0.01,1.01,0.99,0.89,,0.95,0.88,0.98
APN.JO,Aspen Pharmacare Hldgs Ltd,Healthcare,Pharmaceuticals and Biotechnology,%5EJ300.JO,STXFIN.JO,False,22869.0,22869.0,-0.47,-0.24,-0.97,0.01,1.01,0.93,0.87,1.02,0.96,0.96,1.22
ARA.JO,Astoria Investments Ltd,Financials,Closed end Investments,%5EJ300.JO,STXFIN.JO,False,780.0,780.0,-0.88,-0.99,0.81,-0.01,0.99,0.98,0.98,0.78,1.02,1.08,0.97
ARI.JO,African Rainbow Min Ltd,Basic Materials,Industrial Metals and Mining,%5EJ300.JO,STXRES.JO,False,18867.0,18867.0,-0.19,0.2,-1.57,-0.06,0.94,0.89,0.88,0.95,0.83,0.78,1.18
ARL.JO,Astral Foods Ltd,Consumer Staples,Food Producers,%5EJ300.JO,STXFIN.JO,False,17132.0,17132.0,-0.36,-0.4,1.36,0.01,1.01,0.98,0.99,0.98,1.02,1.09,1.18
ART.JO,Argent Industrial Ltd,Industrials,Industrial Support Services,%5EJ300.JO,STXFIN.JO,False,2500.0,2500.0,-0.07,-0.18,2.41,0.03,1.03,1.06,1.08,1.25,1.1,1.19,1.46
ASC.JO,Ascendis Health Ltd,Healthcare,Pharmaceuticals and Biotechnology,%5EJ300.JO,STXFIN.JO,False,72.0,72.0,-0.98,-0.9,1.03,-0.05,0.95,0.86,,,0.89,,
AVI.JO,AVI Ltd,Consumer Staples,Food Producers,%5EJ300.JO,STXFIN.JO,False,9804.0,9804.0,0.04,0.32,0.98,0.0,1.0,0.96,0.97,0.98,0.99,1.07,1.18
AYO.JO,Ayo Tech Solutions Ltd,Technology,Software and Computer Services,%5EJ300.JO,STXFIN.JO,False,54.0,54.0,-0.99,-0.99,-0.34,-0.13,0.87,0.98,1.13,0.67,1.01,1.25,0.86
BAT.JO,Brait plc,Financials,Investment Banking and Brokerage Services,%5EJ300.JO,STXFIN.JO,False,86.0,86.0,-0.97,-0.89,-0.4,-0.07,0.93,0.83,0.66,0.42,0.87,0.73,0.61
BAW.JO,Barloworld Ltd,Industrials,General Industrials,%5EJ300.JO,STXFIN.JO,False,9306.0,9306.0,-0.33,-0.61,0.28,0.03,1.03,1.01,0.94,1.21,1.05,1.04,1.42
BCF.JO,Bowler Metcalf Ltd,Industrials,General Industrials,%5EJ300.JO,STXFIN.JO,False,1840.0,1840.0,0.17,1.68,0.85,0.17,1.17,1.57,1.49,1.55,1.63,1.65,1.76
BHG.JO,BHP Group Limited,Basic Materials,Industrial Metals and Mining,%5EJ300.JO,STXRES.JO,False,47463.0,47463.0,-0.56,-0.61,-1.97,-0.04,0.96,0.97,0.93,0.74,0.9,0.83,0.96
BID.JO,BID Corporation Ltd,Consumer Staples,"Personal Care, Drug and Grocery Stores",%5EJ300.JO,STXFIN.JO,False,43161.0,43161.0,-0.17,-0.23,-0.42,0.01,1.01,0.93,0.89,0.85,0.96,0.98,1.05
BIK.JO,Brikor Ltd,Industrials,Construction Materials,%5EJ300.JO,STXFIN.JO,False,14.0,14.0,-0.24,-0.24,-0.64,0.03,1.03,0.94,0.95,0.76,0.98,1.05,0.95
BLU.JO,Blue Label Telecoms Ltd,Telecommunications,Telecommunication Service Providers,%5EJ300.JO,STXFIN.JO,False,430.0,430.0,-0.9,-1.05,1.29,0.02,1.02,0.95,0.88,1.07,0.99,0.97,1.27
BTI.JO,British American Tob plc,Consumer Staples,Tobacco,%5EJ300.JO,STXACW.JO,False,64792.0,64792.0,-0.15,-0.36,-0.19,0.06,1.06,1.1,1.15,,1.05,1.14,1.24
BVT.JO,Bidvest Ltd,Industrials,General Industrials,%5EJ300.JO,STXFIN.JO,False,27365.0,27365.0,-0.04,0.08,1.68,-0.02,0.98,0.95,0.94,1.01,0.98,1.04,1.21
BYI.JO,Bytes Technology Grp plc,Technology,Software and Computer Services,%5EJ300.JO,STXFIN.JO,False,11100.0,11100.0,-0.48,-0.45,-0.14,-0.04,0.96,0.9,0.78,0.72,0.93,0.87,0.91
CAT.JO,Caxton CTP Publish Print,Consumer Discrescretionary,Media,%5EJ300.JO,STXFIN.JO,False,1043.0,1043.0,-0.39,-0.36,1.22,0.01,1.01,0.97,0.89,0.88,1.0,0.98,1.07
CFR.JO,Compagnie Fin Richemont,Consumer Discrescretionary,Personal Goods,%5EJ300.JO,STXACW.JO,False,274050.0,274050.0,-0.52,-0.55,0.82,-0.02,0.98,1.0,0.94,,0.96,0.94,1.02
CKS.JO,Crookes Brothers Ltd,Consumer Staples,Food Producers,%5EJ300.JO,STXFIN.JO,False,3151.0,3151.0,-0.54,-0.49,-0.97,0.06,1.06,0.9,0.92,0.97,0.93,1.02,1.17
CLH.JO,City Lodge Hotels Ltd,Consumer Discrescretionary,Travel and Leisure,%5EJ300.JO,STXFIN.JO,False,430.0,430.0,-0.93,-0.94,0.29,-0.01,0.99,0.98,0.91,0.78,1.01,1.01,0.97
CLI.JO,Clientele Ltd,Financials,Life Insurance,%5EJ300.JO,STXFIN.JO,False,1100.0,1100.0,-0.29,-0.36,0.37,0.01,1.01,0.98,0.92,0.83,1.02,1.02,1.03
CLS.JO,Clicks Group Ltd,Consumer Staples,"Personal Care, Drug and Grocery Stores",%5EJ300.JO,STXFIN.JO,False,35787.0,35787.0,-0.03,-0.11,1.43,0.02,1.02,1.0,1.06,1.02,1.04,1.18,1.22
CMH.JO,Combined Motor Hldgs Ltd,Consumer Discrescretionary,Retailers,%5EJ300.JO,STXFIN.JO,False,3037.0,3037.0,-0.06,-0.1,2.61,-0.0,1.0,1.01,1.06,1.1,1.05,1.17,1.3
CML.JO,Coronation Fund Mngrs Ld,Financials,Investment Banking and Brokerage Services,%5EJ300.JO,STXFIN.JO,False,3760.0,3760.0,-0.38,-0.08,1.67,-0.0,1.0,0.94,1.02,1.09,0.97,1.13,1.3
COH.JO,Curro Holdings Limited,Consumer Discrescretionary,Consumer Services,%5EJ300.JO,STXFIN.JO,False,1205.0,1205.0,-0.83,-0.89,0.75,0.01,1.01,0.96,0.98,0.93,1.0,1.08,1.13
CPI.JO,Capitec Bank Hldgs Ltd,Financials,Banks,%5EJ300.JO,STXFIN.JO,False,282600.0,282600.0,0.1,0.76,1.22,0.02,1.02,0.99,1.09,1.19,1.03,1.21,1.4
CSB.JO,Cashbuild Ltd,Consumer Discrescretionary,Retailers,%5EJ300.JO,STXFIN.JO,False,14600.0,14600.0,-0.73,-0.56,-1.0,-0.02,0.98,0.83,0.88,0.9,0.86,0.98,1.1
DCP.JO,Dis-Chem Pharmacies Ltd,Consumer Staples,"Personal Care, Drug and Grocery Stores",%5EJ300.JO,STXFIN.JO,False,3582.0,3582.0,-0.08,-0.12,0.7,0.03,1.03,0.99,0.94,1.05,1.03,1.05,1.25
DNB.JO,Deneb Investments Ltd,Financials,Investment Banking and Brokerage Services,%5EJ300.JO,STXFIN.JO,False,230.0,230.0,-0.5,-0.68,-0.64,0.02,1.02,0.98,0.92,0.92,1.02,1.02,1.12
DRA.JO,DRA Global Ltd,Industrials,Construction Materials,%5EJ300.JO,STXFIN.JO,False,2200.0,2200.0,-0.85,-1.18,-1.44,0.04,1.04,0.96,0.8,0.91,1.0,0.88,1.11
DSY.JO,Discovery Ltd,Financials,Life Insurance,%5EJ300.JO,STXFIN.JO,False,14639.0,14639.0,-0.27,-0.24,2.8,0.01,1.01,1.01,1.1,0.93,1.05,1.22,1.13
DTC.JO,Datatec Ltd,Technology,Software and Computer Services,%5EJ300.JO,STXFIN.JO,False,3510.0,3510.0,-0.19,-0.25,0.11,-0.01,0.99,0.92,0.85,0.78,0.95,0.94,0.98
EMH.JO,E Media Holdings Ltd,Consumer Discrescretionary,Media,%5EJ300.JO,STXFIN.JO,False,316.0,316.0,-0.84,-0.83,-0.75,0.0,1.0,0.96,0.87,0.92,0.99,0.96,1.12
ENX.JO,enX Group LImited,Industrials,General Industrials,%5EJ300.JO,STXFIN.JO,False,569.0,569.0,-0.02,0.08,1.4,0.05,1.05,1.07,1.01,1.07,1.11,1.12,1.27
EOH.JO,EOH Holdings Ltd,Technology,Software and Computer Services,%5EJ300.JO,STXFIN.JO,False,175.0,175.0,-1.07,-21.72,2.57,-0.0,1.0,1.08,1.1,1.4,1.12,1.22,1.61
EPE.JO,EPE Capital Partners Ltd,Financials,Closed end Investments,%5EJ300.JO,STXFIN.JO,False,410.0,410.0,-0.9,-1.04,0.52,0.0,1.0,0.95,0.95,0.75,0.99,1.05,0.95
EXX.JO,Exxaro Resources Ltd,Energy,Oil Gas and Coal,%5EJ300.JO,STXFIN.JO,False,17490.0,17490.0,-0.13,-0.17,-2.56,0.0,1.0,0.86,0.81,0.87,0.89,0.9,1.07
FBR.JO,Famous Brands Ltd,Consumer Discrescretionary,Travel and Leisure,%5EJ300.JO,STXFIN.JO,False,5633.0,5633.0,-0.74,-0.93,1.27,0.03,1.03,1.0,1.0,0.9,1.04,1.11,1.1
FSR.JO,Firstrand Ltd,Financials,Banks,%5EJ300.JO,STXFIN.JO,False,8268.0,8268.0,-0.07,-0.28,2.76,0.02,1.02,1.0,1.05,1.14,1.04,1.16,1.34
FTH.JO,Frontier Transport Hldg Ld,Consumer Discrescretionary,Travel and Leisure,%5EJ300.JO,STXFIN.JO,False,762.0,762.0,-0.23,-0.5,0.2,0.03,1.03,0.92,0.99,1.08,0.95,1.1,1.29
GFI.JO,Gold Fields Ltd,Basic Materials,Precious Metals and Mining,%5EJ300.JO,STXRES.JO,False,28936.0,28936.0,-0.35,-0.83,-0.49,0.02,1.02,0.99,1.05,0.97,0.92,0.93,1.2
GLN.JO,Glencore plc,Basic Materials,Industrial Metals and Mining,%5EJ300.JO,STXRES.JO,False,9450.0,9450.0,-0.27,-0.32,-0.37,-0.06,0.94,0.93,0.9,0.85,0.87,0.8,1.08
GND.JO,Grindrod Ltd,Industrials,Industrial Transportation,%5EJ300.JO,STXFIN.JO,False,1546.0,1546.0,-0.07,-0.2,-0.13,0.0,1.0,0.93,0.98,1.14,0.96,1.09,1.34
GPL.JO,Grand Parade Inv Ltd,Consumer Discrescretionary,Travel and Leisure,%5EJ300.JO,STXFIN.JO,False,350.0,350.0,-0.03,0.02,-0.98,0.04,1.04,0.91,0.9,1.08,0.94,1.0,1.29
GSH.JO,Grindrod Shipping Hldg Ltd,Industrials,Industrial Transportation,%5EJ300.JO,STXFIN.JO,False,25902.0,25902.0,-0.47,-0.41,0.7,0.02,1.02,0.98,0.89,1.29,1.01,0.98,1.49
HCI.JO,Hosken Cons Inv Ltd,Financials,Investment Banking and Brokerage Services,%5EJ300.JO,STXFIN.JO,False,17856.0,17856.0,-0.29,-0.38,-1.24,0.01,1.01,0.91,0.89,0.88,0.95,0.98,1.07
HDC.JO,Hudaco Industries Ltd,Industrials,Industrial Support Services,%5EJ300.JO,STXFIN.JO,False,18095.0,18095.0,-0.08,-0.27,0.08,0.01,1.01,0.99,0.96,1.01,1.03,1.07,1.21
HIL.JO,Homechoice Int plc,Consumer Discrescretionary,Retailers,%5EJ300.JO,STXFIN.JO,False,2900.0,2900.0,-0.18,-0.16,0.78,0.53,1.53,109.08,1.02,1.18,113.28,1.13,1.39
HUG.JO,Huge Group Ltd,Telecommunications,Telecommunication Service Providers,%5EJ300.JO,STXFIN.JO,False,200.0,200.0,-0.74,-0.5,-1.32,-0.01,0.99,0.94,73.19,0.86,0.98,81.06,1.06
IMP.JO,Impala Platinum Hlgs Ltd,Basic Materials,Precious Metals and Mining,%5EJ300.JO,STXRES.JO,False,8354.0,8354.0,-0.71,-0.68,-0.4,-0.04,0.96,0.94,0.82,1.1,0.88,0.72,1.34
INL.JO,Investec Ltd,Financials,Banks,%5EJ300.JO,STXFIN.JO,False,13580.0,13580.0,-0.06,-0.07,-0.12,0.0,1.0,0.94,0.94,0.95,0.97,1.05,1.15
INP.JO,Investec plc,Financials,Banks,%5EJ300.JO,STXFIN.JO,False,13559.0,13559.0,-0.1,-0.17,-0.28,0.0,1.0,0.93,0.94,0.95,0.97,1.04,1.15
ISA.JO,ISA Holdings Limited,Technology,Software and Computer Services,%5EJ300.JO,STXFIN.JO,False,189.0,189.0,-0.1,-0.13,0.69,-0.0,1.0,0.9,1.02,1.19,0.93,1.13,1.4
ITE.JO,Italtile Ltd,Consumer Discrescretionary,Retailers,%5EJ300.JO,STXFIN.JO,False,1200.0,1200.0,-0.37,-0.29,1.27,0.0,1.0,0.98,1.11,0.97,1.01,1.23,1.17
IVT.JO,Invicta Holdings Ltd,Industrials,Industrial Support Services,%5EJ300.JO,STXFIN.JO,False,3210.0,3210.0,-0.54,-0.36,2.27,0.06,1.06,1.03,1.09,1.08,1.07,1.2,1.28
JSE.JO,JSE Ltd,Financials,Investment Banking and Brokerage Services,%5EJ300.JO,STXFIN.JO,False,10749.0,10749.0,-0.46,-0.4,2.08,0.0,1.0,1.01,1.02,1.2,1.04,1.13,1.4
KAL.JO,KAL Group Limited,Consumer Discrescretionary,Retailers,%5EJ300.JO,STXFIN.JO,False,4750.0,4750.0,-0.09,-0.13,0.01,-0.01,0.99,0.92,0.9,0.99,0.96,0.99,1.19
KAP.JO,KAP Limited,Industrials,General Industrials,%5EJ300.JO,STXFIN.JO,False,293.0,293.0,-0.71,-0.62,-0.31,0.0,1.0,0.92,1.01,1.12,0.95,1.12,1.32
KIO.JO,Kumba Iron Ore Ltd,Basic Materials,Industrial Metals and Mining,%5EJ300.JO,STXRES.JO,False,35842.0,35842.0,-0.39,-0.35,-2.65,-0.08,0.92,0.94,0.77,0.63,0.88,0.68,0.84
KRO.JO,Karooooo Ltd,Technology,Software and Computer Services,%5EJ300.JO,STXFIN.JO,False,65246.0,65246.0,-0.11,-0.07,0.01,0.05,1.05,1.0,1.08,1.13,1.04,1.2,1.33
KST.JO,PSG Fin Services Ltd,Financials,Investment Banking and Brokerage Services,%5EJ300.JO,STXFIN.JO,False,1645.0,1645.0,-0.06,0.15,0.26,-0.03,0.97,0.9,0.93,0.96,0.93,1.03,1.16
LBR.JO,Libstar Holdings Ltd,Consumer Staples,Food Producers,%5EJ300.JO,STXFIN.JO,False,400.0,400.0,-0.81,-0.76,-0.06,0.02,1.02,0.98,0.94,1.06,1.02,1.04,1.26
LEW.JO,Lewis Group Ltd,Consumer Discrescretionary,Retailers,%5EJ300.JO,STXFIN.JO,False,6128.0,6128.0,0.13,0.78,2.11,0.04,1.04,1.08,1.21,1.29,1.13,1.34,1.49
LHC.JO,Life Healthc Grp Hldgs Ltd,Healthcare,Healthcare Providers,%5EJ300.JO,STXFIN.JO,False,1331.0,1331.0,-0.66,-0.66,1.14,0.01,1.01,0.98,1.12,1.01,1.02,1.24,1.21
LNF.JO,London Fin Inv Group plc,Financials,Investment Banking and Brokerage Services,%5EJ300.JO,STXFIN.JO,False,1480.0,1480.0,-0.61,-0.56,1.18,-0.08,0.92,1.16,108.32,110.65,1.2,119.97,113.47
MCG.JO,MultiChoice Group Ltd,Telecommunications,Telecommunication Service Providers,%5EJ300.JO,STXFIN.JO,False,10939.0,10939.0,-0.44,-0.38,1.41,0.01,1.01,0.96,0.83,0.9,0.99,0.92,1.1
MDI.JO,Master Drilling Grp Ltd,Basic Materials,Industrial Metals and Mining,%5EJ300.JO,STXRES.JO,False,1150.0,1150.0,-0.33,-0.23,-1.39,-0.01,0.99,1.03,1.09,0.77,0.97,0.97,1.0
MFL.JO,Metrofile Holdings Ltd,Industrials,Industrial Support Services,%5EJ300.JO,STXFIN.JO,False,235.0,235.0,-0.41,-0.57,-0.08,-0.05,0.95,0.92,0.86,0.76,0.95,0.95,0.95
MNP.JO,Mondi plc,Industrials,General Industrials,%5EJ300.JO,STXFIN.JO,False,33813.0,33813.0,-0.05,0.32,-0.38,-0.02,0.98,0.85,0.82,0.91,0.89,0.9,1.11
MPT.JO,Mpact Limited,Industrials,General Industrials,%5EJ300.JO,STXFIN.JO,False,2951.0,2951.0,-0.3,-0.37,0.53,0.03,1.03,0.94,0.96,0.92,0.98,1.06,1.12
MRP.JO,Mr Price Group Ltd,Consumer Discrescretionary,Retailers,%5EJ300.JO,STXFIN.JO,False,22465.0,22465.0,-0.22,-0.46,2.85,0.03,1.03,1.03,1.09,1.17,1.07,1.2,1.38
MST.JO,Mustek Ltd,Technology,Technology Hardware and Hardware Equipment,%5EJ300.JO,STXFIN.JO,False,1345.0,1345.0,-0.25,-0.26,1.1,0.15,1.15,1.3,1.39,0.94,1.35,1.54,1.14
MTA.JO,Metair Investments Ltd,Consumer Discrescretionary,Automobile and Parts,%5EJ300.JO,STXFIN.JO,False,1300.0,1300.0,-0.8,-0.48,-0.67,0.05,1.05,0.87,1.05,0.87,0.91,1.16,1.07
MTH.JO,Motus Holdings Ltd,Consumer Discrescretionary,Retailers,%5EJ300.JO,STXFIN.JO,False,10835.0,10835.0,-0.19,-0.38,3.42,0.03,1.03,1.02,1.05,0.98,1.06,1.16,1.18
MTM.JO,Momentum Group Limited,Financials,Life Insurance,%5EJ300.JO,STXFIN.JO,False,2731.0,2731.0,0.04,0.23,2.53,0.07,1.07,1.12,1.05,1.2,1.17,1.16,1.41
MTN.JO,MTN Group Ltd,Telecommunications,Telecommunication Service Providers,%5EJ300.JO,STXFIN.JO,False,8606.0,8606.0,-0.67,-0.76,1.55,-0.01,0.99,1.09,0.87,0.9,1.14,0.96,1.1
MUR.JO,Murray & Roberts Hldgs,Industrials,Construction Materials,%5EJ300.JO,STXFIN.JO,False,302.0,302.0,-0.92,-1.13,0.04,0.14,1.14,1.1,1.72,2.33,1.15,1.91,2.56
N91.JO,Ninety One plc,Financials,Investment Banking and Brokerage Services,%5EJ300.JO,STXFIN.JO,False,3830.0,3830.0,-0.39,-0.39,-0.41,0.0,1.0,0.9,0.87,0.85,0.93,0.97,1.04
NED.JO,Nedbank Group Ltd,Financials,Banks,%5EJ300.JO,STXFIN.JO,False,29101.0,29101.0,-0.04,-0.13,2.23,0.04,1.04,1.07,1.05,1.16,1.11,1.17,1.36
NPH.JO,Northam Platinum Hldgs Ltd,Basic Materials,Precious Metals and Mining,%5EJ300.JO,STXRES.JO,False,12413.0,12413.0,-0.79,-0.79,-1.18,0.02,1.02,1.01,0.91,0.95,0.94,0.81,1.18
NPK.JO,Nampak Ltd,Industrials,General Industrials,%5EJ300.JO,STXFIN.JO,False,37987.0,37987.0,-0.93,-0.79,0.71,0.1,1.1,1.01,1.79,1.86,1.05,1.98,2.09
NPN.JO,Naspers Ltd -N-,Technology,Software and Computer Services,%5EJ300.JO,STXFIN.JO,False,365100.0,365100.0,-0.11,-0.11,0.82,-0.0,1.0,0.98,0.81,0.96,1.01,0.9,1.16
NTC.JO,Netcare Limited,Healthcare,Healthcare Providers,%5EJ300.JO,STXFIN.JO,False,1310.0,1310.0,-0.81,-0.74,1.69,0.03,1.03,1.04,1.01,0.84,1.08,1.12,1.04
NVS.JO,Novus Holdings Limited,Industrials,Industrial Support Services,%5EJ300.JO,STXFIN.JO,False,601.0,601.0,-0.1,0.05,-1.9,0.06,1.06,0.91,1.3,1.26,0.95,1.44,1.47
NWL.JO,Nu-World Hldgs Ltd,Consumer Discrescretionary,Leisure Goods,%5EJ300.JO,STXFIN.JO,False,2850.0,2850.0,-0.23,-0.35,1.02,-0.01,0.99,0.97,0.91,0.85,1.01,1.01,1.05
NY1.JO,Ninety One Limited,Financials,Open end and miscellaneous Investment Vehicles,%5EJ300.JO,STXFIN.JO,False,3789.0,3789.0,-0.37,-0.35,-0.28,0.0,1.0,0.91,0.88,0.85,0.94,0.97,1.04
OCE.JO,Oceana Group Ltd,Consumer Staples,Food Producers,%5EJ300.JO,STXFIN.JO,False,7005.0,7005.0,-0.33,-0.42,0.26,-0.0,1.0,0.98,0.86,0.86,1.02,0.96,1.05
OMN.JO,Omnia Holdings Ltd,Basic Materials,Chemicals,%5EJ300.JO,STXFIN.JO,False,6059.0,6059.0,-0.52,-0.38,-2.5,-0.02,0.98,0.9,0.99,0.87,0.93,1.09,1.07
OMU.JO,Old Mutual Limited,Financials,Life Insurance,%5EJ300.JO,STXFIN.JO,False,1220.0,1220.0,-0.26,-0.19,1.83,-0.01,0.99,0.96,0.97,0.93,0.99,1.07,1.13
OUT.JO,OUTsurance Group Limited,Financials,Non-Life Insurance,%5EJ300.JO,STXFIN.JO,False,4714.0,4714.0,0.04,0.18,0.22,0.0,1.0,0.94,0.96,1.01,0.97,1.06,1.21
PAN.JO,Pan African Resource plc,Basic Materials,Precious Metals and Mining,%5EJ300.JO,STXRES.JO,False,674.0,674.0,-0.11,-0.26,0.46,0.03,1.03,1.11,1.25,1.3,1.03,1.11,1.55
PBG.JO,PBT Group Limited,Technology,Software and Computer Services,%5EJ300.JO,STXFIN.JO,False,589.0,589.0,-0.23,-0.11,-0.47,0.0,1.0,0.88,0.81,0.78,0.92,0.9,0.98
PIK.JO,Pick n Pay Stores Ltd,Consumer Staples,"Personal Care, Drug and Grocery Stores",%5EJ300.JO,STXFIN.JO,False,2280.0,2280.0,-0.81,-0.53,0.07,-0.04,0.96,0.95,0.95,0.76,0.99,1.05,0.96
PMR.JO,Premier Group Limited,Consumer Staples,Food Producers,%5EJ300.JO,STXFIN.JO,False,7500.0,7500.0,-0.03,0.01,0.88,0.02,1.02,0.98,1.1,1.06,1.02,1.22,1.26
PMV.JO,Primeserv Group Ltd,Industrials,General Industrials,%5EJ300.JO,STXFIN.JO,False,205.0,205.0,-0.09,-0.18,0.11,0.13,1.13,1.15,1.43,1.31,1.2,1.58,1.52
PPC.JO,PPC Limited,Industrials,Construction Materials,%5EJ300.JO,STXFIN.JO,False,400.0,400.0,-0.81,-0.74,1.45,0.05,1.05,1.07,1.05,1.01,1.11,1.16,1.21
PPE.JO,Purple Group Ltd,Financials,Investment Banking and Brokerage Services,%5EJ300.JO,STXFIN.JO,False,80.0,80.0,-0.74,0.13,1.81,-0.01,0.99,0.98,0.91,1.17,1.01,1.01,1.38
PPH.JO,Pepkor Holdings Ltd,Consumer Discrescretionary,Retailers,%5EJ300.JO,STXFIN.JO,False,2100.0,2100.0,-0.17,-0.08,2.95,0.01,1.01,1.0,0.96,0.94,1.04,1.06,1.14
PRX.JO,Prosus N.V.,Technology,Software and Computer Services,%5EJ300.JO,STXFIN.JO,False,65500.0,65500.0,-0.39,-0.33,0.91,-0.01,0.99,0.94,0.83,0.98,0.98,0.92,1.18
QFH.JO,Quantum Foods Hldgs Ltd,Consumer Staples,Food Producers,%5EJ300.JO,STXFIN.JO,False,905.0,905.0,-0.58,-0.71,-0.77,-0.15,0.85,0.7,0.56,1.74,0.72,0.62,1.96
QLT.JO,Quilter plc,Financials,Investment Banking and Brokerage Services,%5EJ300.JO,STXFIN.JO,False,3440.0,3440.0,-0.1,-0.4,1.91,0.07,1.07,1.13,1.19,1.26,1.17,1.32,1.47
RBO.JO,Rainbow Chicken Limited,Consumer Staples,Food Producers,%5EJ300.JO,STXFIN.JO,False,360.0,,,,,,,0.87,,,0.9,,
RBX.JO,Raubex Group Ltd,Industrials,Construction Materials,%5EJ300.JO,STXFIN.JO,False,4250.0,4250.0,-0.07,0.13,-0.51,0.0,1.0,0.9,1.02,1.32,0.93,1.13,1.52
RCL.JO,RCL Foods Limited,Consumer Staples,Food Producers,%5EJ300.JO,STXFIN.JO,False,910.0,910.0,-0.66,-0.69,-2.54,-0.03,0.97,0.86,0.78,0.83,0.89,0.87,1.03
REM.JO,Remgro Ltd,Financials,Investment Banking and Brokerage Services,%5EJ300.JO,STXFIN.JO,False,13925.0,13925.0,-0.31,-0.43,2.16,-0.01,0.99,0.98,0.96,0.81,1.01,1.07,1.01
RFG.JO,RFG Holdings Limited,Consumer Staples,Food Producers,%5EJ300.JO,STXFIN.JO,False,1548.0,1548.0,-0.49,-0.33,0.85,-0.0,1.0,0.97,1.0,1.02,1.0,1.11,1.22
RLO.JO,Reunert Ltd,Industrials,Electronic and Electrical Equipment,%5EJ300.JO,STXFIN.JO,False,7240.0,7240.0,-0.04,-0.07,0.9,0.0,1.0,0.94,0.96,0.99,0.98,1.07,1.19
RMH.JO,RMB Holdings Ltd,Financials,Investment Banking and Brokerage Services,%5EJ300.JO,STXFIN.JO,False,41.0,41.0,-0.01,0.02,-1.08,0.02,1.02,0.96,0.94,1.05,1.0,1.04,1.25
RNI.JO,Reinet Investments S.C.A,Financials,Investment Banking and Brokerage Services,%5EJ300.JO,STXFIN.JO,False,46377.0,46377.0,-0.08,-0.02,-1.05,0.02,1.02,0.96,0.87,0.82,1.0,0.97,1.02
RTO.JO,Rex Trueform Group Ltd,Consumer Discrescretionary,Retailers,%5EJ300.JO,STXFIN.JO,False,11.26,11.26,-0.74,-0.78,-0.32,-0.42,0.58,0.01,0.86,0.87,0.01,0.95,1.07
S32.JO,South32 Limited,Basic Materials,Industrial Metals and Mining,%5EJ300.JO,STXRES.JO,False,3515.0,3515.0,-0.48,-0.59,-0.29,-0.12,0.88,0.87,0.81,0.84,0.81,0.72,1.06
SAP.JO,Sappi Ltd,Basic Materials,Industrial Materials,%5EJ300.JO,STXRES.JO,False,4497.0,4497.0,-0.65,-0.8,-0.97,-0.02,0.98,0.9,0.87,0.82,0.85,0.77,1.05
SBK.JO,Standard Bank Group Ltd,Financials,Banks,%5EJ300.JO,STXFIN.JO,False,23224.0,23224.0,-0.07,-0.15,3.75,0.02,1.02,1.05,1.07,1.01,1.09,1.19,1.21
SBP.JO,Sabvest Capital Limited,Financials,Investment Banking and Brokerage Services,%5EJ300.JO,STXFIN.JO,False,7350.0,7350.0,-0.27,-0.22,1.32,0.0,1.0,0.96,0.96,0.94,1.0,1.07,1.13
SDO.JO,Stadio Holdings Limited,Consumer Discrescretionary,Consumer Services,%5EJ300.JO,STXFIN.JO,False,530.0,530.0,-0.45,-0.57,-1.46,0.02,1.02,0.92,0.98,0.96,0.96,1.09,1.16
SEB.JO,Sebata Holdings Ltd,Technology,Software and Computer Services,%5EJ300.JO,STXFIN.JO,False,105.0,105.0,-0.93,-0.99,1.03,-0.08,0.92,0.99,0.46,0.5,1.02,0.51,0.69
SEP.JO,Sephaku Holdings Ltd,Industrials,Construction Materials,%5EJ300.JO,STXFIN.JO,False,200.0,200.0,-0.82,-0.8,2.52,0.05,1.05,1.07,1.5,1.66,1.12,1.66,1.88
SFN.JO,Sasfin Holdings Ltd,Financials,Investment Banking and Brokerage Services,%5EJ300.JO,STXFIN.JO,False,2625.0,2625.0,-0.57,-0.59,-0.16,0.17,1.17,0.91,1.4,0.87,0.95,1.55,1.07
SHG.JO,Sea Harvest Group Ltd,Consumer Staples,Food Producers,%5EJ300.JO,STXFIN.JO,False,808.0,808.0,-0.94,-0.99,-0.58,-0.01,0.99,0.94,0.92,0.82,0.98,1.02,1.02
SHP.JO,Shoprite Holdings Ltd,Consumer Staples,"Personal Care, Drug and Grocery Stores",%5EJ300.JO,STXFIN.JO,False,29736.0,29736.0,0.07,0.47,0.87,0.01,1.01,0.97,0.99,0.96,1.01,1.1,1.16
SLM.JO,Sanlam Limited,Financials,Life Insurance,%5EJ300.JO,STXFIN.JO,False,8350.0,8350.0,0.12,0.57,2.94,-0.01,0.99,0.99,0.99,1.05,1.03,1.1,1.25
SNT.JO,Santam Limited,Financials,Non-Life Insurance,%5EJ300.JO,STXFIN.JO,False,34501.0,34501.0,-0.14,-0.42,2.52,-0.01,0.99,0.98,1.01,1.03,1.01,1.12,1.23
SNV.JO,Santova Limited,Industrials,Industrial Transportation,%5EJ300.JO,STXFIN.JO,False,775.0,775.0,-0.23,-0.18,-0.69,0.01,1.01,0.91,0.9,0.87,0.95,0.99,1.06
SOH.JO,South Ocean Holdings Ltd,Industrials,Electronic and Electrical Equipment,%5EJ300.JO,STXFIN.JO,False,270.0,270.0,0.03,0.05,1.4,0.11,1.11,1.08,1.65,1.97,1.12,1.82,2.19
SOL.JO,Sasol Limited,Basic Materials,Chemicals,%5EJ300.JO,STXFIN.JO,False,13525.0,13525.0,-0.77,-0.87,0.09,-0.01,0.99,0.94,0.88,0.85,0.98,0.98,1.04
SPG.JO,Super Group Ltd,Industrials,Industrial Transportation,%5EJ300.JO,STXFIN.JO,False,2658.0,2658.0,-0.56,-0.67,-1.19,-0.01,0.99,0.84,0.82,0.85,0.87,0.9,1.04
SPP.JO,The Spar Group Ltd,Consumer Staples,"Personal Care, Drug and Grocery Stores",%5EJ300.JO,STXFIN.JO,False,12371.0,12371.0,-0.58,-0.55,0.63,0.02,1.02,0.96,1.03,0.99,1.0,1.14,1.19
SSK.JO,Stefanutti Stck Hldgs Ltd,Industrials,Construction Materials,%5EJ300.JO,STXFIN.JO,False,276.0,276.0,-0.74,-0.76,-0.21,0.06,1.06,0.86,2.15,2.07,0.9,2.38,2.3
SSU.JO,Southern Sun Ltd,Consumer Discrescretionary,Travel and Leisure,%5EJ300.JO,STXFIN.JO,False,616.0,616.0,-0.13,-0.39,0.52,0.04,1.04,0.98,1.03,1.05,1.02,1.14,1.25
SSW.JO,Sibanye Stillwater Ltd,Basic Materials,Precious Metals and Mining,%5EJ300.JO,STXRES.JO,False,1836.0,1836.0,-0.89,-0.81,-0.39,-0.05,0.95,0.92,0.8,0.77,0.86,0.71,0.99
SUI.JO,Sun International Ltd,Consumer Discrescretionary,Travel and Leisure,%5EJ300.JO,STXFIN.JO,False,3944.0,3944.0,-0.61,-0.59,1.35,0.01,1.01,1.01,0.96,0.86,1.04,1.06,1.06
SUR.JO,Spur Corporation Ltd,Consumer Discrescretionary,Travel and Leisure,%5EJ300.JO,STXFIN.JO,False,3450.0,3450.0,-0.13,-0.42,0.09,0.01,1.01,1.01,1.0,1.03,1.04,1.1,1.23
SYG.JO,Sygnia Limited,Financials,Investment Banking and Brokerage Services,%5EJ300.JO,STXFIN.JO,False,1998.0,1998.0,-0.11,-0.32,-1.29,-0.01,0.99,0.92,0.88,0.97,0.96,0.97,1.17
TBS.JO,Tiger Brands Ltd,Consumer Staples,Food Producers,%5EJ300.JO,STXFIN.JO,False,22430.0,22430.0,-0.57,-0.65,1.85,0.03,1.03,0.96,0.98,0.94,0.99,1.09,1.14
TCP.JO,Transaction Capital Ltd,Financials,Finance and Credit Services,%5EJ300.JO,STXFIN.JO,False,285.0,285.0,-0.94,-0.7,0.51,-0.02,0.98,0.97,0.97,0.27,1.01,1.07,0.45
TFG.JO,The Foschini Group Limited,Consumer Discrescretionary,Retailers,%5EJ300.JO,STXFIN.JO,False,13491.0,13491.0,-0.32,-0.42,1.08,0.02,1.02,0.95,1.12,1.08,0.99,1.24,1.28
TGA.JO,Thungela Resources Ltd,Energy,Oil Gas and Coal,%5EJ300.JO,STXFIN.JO,False,12400.0,12400.0,-0.48,-0.4,0.4,0.04,1.04,1.01,0.78,1.04,1.04,0.86,1.24
TKG.JO,Telkom SA SOC Ltd,Telecommunications,Telecommunication Service Providers,%5EJ300.JO,STXFIN.JO,False,2394.0,2394.0,-0.91,-1.19,1.22,0.0,1.0,1.04,0.84,0.72,1.07,0.94,0.91
TLM.JO,Telemaster Holdings Ltd,Telecommunications,Telecommunication Service Providers,%5EJ300.JO,STXFIN.JO,False,103.0,103.0,-0.29,-0.31,0.49,-0.11,0.89,0.94,0.7,1.06,0.98,0.78,1.26
TMT.JO,Trematon Capital Inv Ltd,Financials,Closed end Investments,%5EJ300.JO,STXFIN.JO,False,217.0,217.0,-0.41,-0.33,-0.3,0.03,1.03,1.02,1.05,0.8,1.06,1.17,0.99
TPC.JO,Transpaco Ltd,Industrials,General Industrials,%5EJ300.JO,STXFIN.JO,False,3251.0,3251.0,-0.22,-0.25,-0.25,0.02,1.02,0.91,0.9,0.91,0.95,0.99,1.11
TRL.JO,Trellidor Hldgs Ltd,Industrials,Construction Materials,%5EJ300.JO,STXFIN.JO,False,165.0,165.0,-0.82,-0.66,-0.58,-0.06,0.94,0.82,0.93,0.93,0.85,1.04,1.12
TRU.JO,Truworths Int Ltd,Consumer Discrescretionary,Retailers,%5EJ300.JO,STXFIN.JO,False,9378.0,9378.0,-0.09,-0.21,3.14,-0.02,0.98,0.99,1.01,1.09,1.03,1.12,1.29
TSG.JO,Tsogo Sun Limited,Consumer Discrescretionary,Travel and Leisure,%5EJ300.JO,STXFIN.JO,False,1169.0,1169.0,-0.43,-0.44,3.08,0.01,1.01,1.0,0.91,0.91,1.04,1.01,1.11
UPL.JO,Universal Partners Ltd,Financials,Investment Banking and Brokerage Services,%5EJ300.JO,STXFIN.JO,False,1610.0,1610.0,-0.47,-0.17,0.05,-0.07,0.93,0.69,64.27,57.96,0.71,71.18,59.52
VOD.JO,Vodacom Group Ltd,Telecommunications,Telecommunication Service Providers,%5EJ300.JO,STXFIN.JO,False,9951.0,9951.0,-0.52,-0.59,0.45,0.02,1.02,1.03,0.95,0.96,1.07,1.05,1.16
WBC.JO,We Buy Cars Hlds Ltd,Consumer Discrescretionary,Retailers,%5EJ300.JO,STXFIN.JO,False,2792.0,2792.0,-0.16,-0.17,3.93,0.0,1.0,1.03,1.03,,1.07,1.14,
WBO.JO,Wilson Bayly Hlm-Ovc Ltd,Industrials,Construction Materials,%5EJ300.JO,STXFIN.JO,False,18314.0,18314.0,0.05,0.43,0.71,0.04,1.04,0.97,1.09,1.22,1.01,1.21,1.43
WHL.JO,Woolworths Holdings Ltd,Consumer Discrescretionary,Retailers,%5EJ300.JO,STXFIN.JO,False,6309.0,6309.0,-0.31,-0.37,2.33,-0.02,0.98,1.01,0.9,0.81,1.05,0.99,1.0
WKF.JO,Workforce Holdings Ltd,Industrials,General Industrials,%5EJ300.JO,STXFIN.JO,False,125.0,125.0,-0.49,-0.48,-0.79,1.26,2.26,83.92,1.09,0.67,87.15,1.2,0.87
YRK.JO,York Timber Holdings Ltd,Basic Materials,Industrial Materials,%5EJ300.JO,STXRES.JO,False,212.0,212.0,-0.57,-0.65,-0.15,0.06,1.06,0.95,1.39,1.07,0.88,1.23,1.31
ZED.JO,Zeder Inv Ltd,Financials,Investment Banking and Brokerage Services,%5EJ300.JO,STXFIN.JO,False,190.0,190.0,0.05,0.22,-0.62,0.02,1.02,0.97,0.96,1.13,1.0,1.06,1.33
ZZD.JO,Zeda Limited,Consumer Discrescretionary,Consumer Services,%5EJ300.JO,STXFIN.JO,False,1213.0,1213.0,-0.6,-0.7,0.15,0.0,1.0,0.97,0.93,0.92,1.01,1.03,1.12
